VendaID,ProdutoID,ValorVenda,DataVenda,LocalizacaoCliente
1,106,33.44,2023-12-11,Barros Verde
2,160,8.38,2023-10-31,Guerra do Sul
3,193,32.29,2024-02-21,Farias das Pedras
4,147,64.72,2024-07-01,Teixeira do Amparo
5,108,99.33,2023-12-09,Cunha
6,151,90.96,2024-06-19,Oliveira da Prata
7,118,64.92,2024-07-22,Oliveira
8,123,34.81,2023-11-10,Costela
9,126,88.93,2024-05-26,Fogaça de Freitas
10,131,42.75,2024-03-31,Pimenta das Pedras
11,139,6.59,2024-01-10,Santos do Oeste
12,147,45.98,2024-05-17,Correia
13,145,87.23,2024-07-29,da Rosa
14,140,29.26,2024-09-07,Cirino
15,176,46.19,2024-04-28,Vieira
16,169,41.15,2023-10-10,Rios de Minas
17,131,89.85,2024-04-06,da Conceição
18,144,20.82,2024-04-20,da Luz da Praia
19,110,81.23,2024-02-04,Andrade de Almeida
20,159,12.5,2024-03-31,Farias de Minas
21,146,60.72,2024-01-19,Barbosa da Mata
22,141,60.01,2023-11-26,Duarte de Goiás
23,199,97.05,2024-04-10,Martins do Amparo
24,154,3.55,2023-11-12,Nogueira
25,100,62.17,2024-03-12,Farias
26,167,95.2,2024-02-09,Oliveira da Mata
27,189,66.5,2023-10-18,Dias da Praia
28,164,48.96,2024-05-28,Carvalho
29,193,72.6,2023-12-07,Moreira Alegre
30,194,23.92,2024-07-08,Nogueira de Martins
31,195,84.84,2024-09-14,Nunes Grande
32,111,2.54,2023-12-22,Campos de Minas
33,116,42.24,2024-03-30,Pires Verde
34,198,21.82,2024-07-27,Nogueira
35,114,79.25,2024-08-10,Cavalcante
36,114,87.78,2024-04-21,Peixoto
37,118,2.38,2023-11-15,Gonçalves
38,154,30.13,2023-11-14,Abreu de Rocha
39,107,33.25,2024-09-01,Rodrigues de Carvalho
40,195,35.03,2023-12-01,Moraes
41,150,9.73,2023-12-19,Costa
42,131,7.33,2024-07-28,Caldeira
43,175,29.69,2023-12-26,Costa
44,170,80.02,2024-03-28,Peixoto
45,195,98.51,2024-04-22,Alves
46,157,97.2,2024-03-21,Almeida das Pedras
47,142,4.75,2024-03-02,Nascimento
48,113,40.94,2024-06-04,Rezende da Serra
49,193,41.41,2024-06-23,da Mata
50,115,15.13,2024-04-09,Cassiano do Galho
51,168,42.83,2023-10-07,Pereira
52,188,22.73,2023-11-11,Moreira do Amparo
53,137,2.29,2023-12-04,da Mata Grande
54,189,65.69,2024-06-21,da Paz
55,130,71.21,2023-12-28,da Conceição
56,136,44.74,2024-08-24,da Paz da Prata
57,117,36.46,2024-02-07,Ribeiro
58,152,19.6,2024-01-10,Castro de da Rocha
59,113,22.96,2023-12-01,Viana do Galho
60,124,15.2,2024-07-17,Barbosa do Campo
61,116,2.85,2024-09-04,Pinto de Goiás
62,154,8.82,2024-07-16,Leão
63,189,23.75,2023-11-30,Cavalcante Verde
64,134,97.71,2024-02-09,Porto de Albuquerque
65,165,67.16,2024-04-04,Marques
66,144,30.18,2023-12-31,da Conceição
67,101,69.43,2024-07-11,Garcia
68,140,38.79,2024-04-23,Garcia
69,109,13.11,2023-11-03,da Costa do Amparo
70,193,1.22,2024-03-22,Aparecida da Prata
71,150,90.79,2024-06-21,das Neves da Praia
72,138,99.88,2023-11-06,Sampaio
73,131,79.61,2024-02-18,Rios do Galho
74,156,32.29,2024-09-25,Aragão do Oeste
75,177,28.48,2023-11-27,Sales
76,191,60.69,2023-10-13,Mendonça
77,180,60.22,2023-10-06,da Mota
78,155,41.06,2024-02-14,da Rocha de Sampaio
79,116,83.72,2024-01-17,Brito
80,132,33.21,2024-05-10,da Mata
81,114,85.38,2023-10-15,Gonçalves Verde
82,186,33.51,2023-11-01,Vargas do Oeste
83,115,86.23,2024-09-27,Mendes do Sul
84,183,54.49,2024-06-23,Novais
85,171,74.42,2024-03-07,Santos
86,120,27.84,2024-06-05,Martins
87,194,64.81,2024-08-05,da Rosa
88,195,50.54,2024-02-06,Cassiano
89,114,18.01,2023-12-06,Almeida das Flores
90,132,29.79,2024-08-08,Oliveira da Serra
91,126,92.78,2023-12-28,da Mata
92,172,54.59,2023-12-11,Jesus
93,175,35.27,2024-06-17,Gomes do Campo
94,140,4.05,2024-07-02,Correia
95,153,80.57,2024-08-26,Vieira
96,144,73.08,2024-01-26,Moraes de Leão
97,132,97.45,2024-03-21,da Rosa
98,110,59.99,2024-05-29,da Rosa
99,116,65.02,2023-10-21,Aparecida
100,146,73.39,2024-08-26,da Costa da Mata
101,111,65.75,2024-02-23,Garcia
102,190,74.77,2024-04-27,Ramos das Pedras
103,162,19.91,2024-08-16,Barbosa do Amparo
104,137,17.23,2024-01-30,Pastor da Prata
105,139,61.65,2024-04-12,Cavalcante da Praia
106,186,70.83,2023-10-28,da Costa das Pedras
107,122,92.48,2023-11-23,Campos
108,169,92.39,2024-06-22,Melo do Campo
109,165,63.97,2024-01-19,Nascimento
110,174,86.84,2024-04-26,Aragão Alegre
111,186,20.27,2024-09-11,Andrade
112,161,33.27,2023-11-21,Câmara de Abreu
113,139,89.23,2023-10-28,Nascimento
114,199,27.82,2023-11-22,Jesus
115,106,3.12,2023-12-29,Jesus do Norte
116,154,24.82,2024-08-13,Lima de Goiás
117,152,83.87,2024-01-29,Vieira
118,188,42.98,2023-12-05,Almeida
119,109,41.07,2024-07-12,Garcia do Oeste
120,167,45.37,2024-04-12,Pacheco
121,191,48.58,2024-09-19,Lima da Serra
122,130,83.62,2024-04-15,Nogueira de Sousa
123,107,52.53,2023-10-16,Pires
124,170,11.01,2023-10-14,Sales
125,173,43.84,2024-02-03,Santos da Serra
126,159,23.56,2024-02-23,Gonçalves
127,100,7.28,2023-11-16,Castro de Lopes
128,106,3.75,2023-12-12,Porto
129,154,27.39,2024-01-31,Vieira do Galho
130,184,66.31,2024-02-21,Araújo
131,133,20.91,2023-11-03,Sá
132,183,53.62,2024-05-10,da Paz
133,114,70.47,2024-09-09,Rocha Grande
134,155,17.88,2024-07-24,Siqueira de da Cruz
135,147,35.14,2024-06-14,Leão Grande
136,135,57.4,2024-06-10,Guerra da Prata
137,153,16.34,2024-07-08,Dias do Norte
138,140,21.39,2023-12-12,da Costa
139,169,69.2,2023-10-22,Cardoso
140,165,5.09,2024-07-01,Aparecida do Norte
141,143,22.42,2023-11-12,Rezende de Goiás
142,199,45.06,2024-07-09,Mendonça
143,115,50.44,2024-07-30,Marques do Amparo
144,149,30.38,2023-11-13,Macedo
145,173,52.26,2024-07-17,Novaes do Campo
146,197,15.18,2024-06-29,Câmara
147,136,47.24,2023-10-18,Pimenta
148,175,19.66,2024-08-12,Borges de Moreira
149,119,98.08,2024-05-17,Andrade da Prata
150,182,27.4,2024-01-30,Nascimento
151,198,61.75,2023-12-07,Jesus
152,176,42.51,2023-11-28,Melo
153,186,90.37,2024-07-20,Leão do Sul
154,145,5.22,2024-04-21,Correia
155,107,67.95,2024-05-18,da Luz
156,129,66.17,2024-07-24,Borges das Pedras
157,171,78.9,2024-02-13,Barbosa
158,114,56.18,2024-04-11,Fonseca
159,199,96.21,2024-04-24,Rocha do Norte
160,104,61.16,2023-10-30,Silveira
161,158,81.45,2023-12-02,Santos
162,166,79.5,2024-02-17,Leão
163,183,36.34,2024-02-16,Teixeira
164,160,82.07,2024-03-06,Aparecida
165,119,36.53,2024-05-03,da Costa de Ferreira
166,101,72.67,2023-11-02,da Costa da Prata
167,157,71.49,2024-02-09,Fogaça do Norte
168,129,46.27,2024-04-09,Cardoso
169,171,71.63,2024-07-28,Peixoto
170,103,79.1,2023-12-27,Moreira Alegre
171,124,11.04,2024-05-11,da Cruz Verde
172,151,29.92,2024-02-16,Gomes
173,180,45.16,2024-05-04,Cardoso
174,108,27.73,2023-12-24,Almeida das Pedras
175,180,50.47,2024-07-10,Jesus dos Dourados
176,162,24.41,2024-06-17,da Cunha
177,139,96.0,2024-03-25,Barros da Praia
178,176,81.23,2024-06-27,Cavalcante
179,197,86.13,2024-03-24,Caldeira de Carvalho
180,194,45.42,2024-06-22,Fogaça da Praia
181,128,70.13,2024-08-17,Viana das Flores
182,173,98.62,2024-04-05,Casa Grande
183,177,66.01,2024-08-18,Cavalcanti Paulista
184,198,13.79,2024-07-03,Cunha Paulista
185,168,51.92,2024-01-17,da Conceição
186,113,97.51,2023-11-07,Barbosa
187,123,61.23,2024-09-28,Macedo
188,122,13.13,2024-01-15,Barros
189,102,49.43,2023-11-01,Novais do Norte
190,138,9.25,2023-12-12,Cavalcanti dos Dourados
191,174,28.93,2024-01-28,Oliveira
192,180,23.71,2024-08-16,Melo das Pedras
193,147,91.53,2024-01-03,Martins da Serra
194,128,63.6,2024-09-30,da Mota
195,125,9.84,2024-04-29,da Rocha de Pereira
196,122,72.09,2023-11-11,Viana
197,103,1.67,2023-12-01,da Mata Paulista
198,196,11.51,2023-10-21,Campos
199,186,43.01,2024-07-02,da Costa
200,102,36.91,2024-06-11,Jesus
201,169,51.84,2024-04-25,Peixoto da Praia
202,109,44.84,2024-07-17,Fonseca
203,130,97.91,2024-06-10,Rocha
204,151,43.31,2024-05-30,Cavalcanti de Dias
205,160,1.14,2023-12-18,Rezende
206,200,64.43,2023-11-07,da Cruz Alegre
207,141,25.66,2024-06-01,Araújo das Pedras
208,187,22.82,2024-09-27,Moraes
209,173,16.27,2023-10-04,Oliveira
210,130,51.29,2024-01-30,Siqueira de Guerra
211,186,91.22,2023-11-01,Silva
212,181,99.75,2024-08-20,Castro do Galho
213,137,42.5,2024-05-29,Pacheco da Mata
214,155,35.85,2024-04-30,Pereira da Serra
215,166,5.62,2024-09-13,Fonseca de Sá
216,119,90.96,2023-11-28,Caldeira da Prata
217,139,18.56,2024-06-30,Camargo
218,113,10.06,2024-04-01,Cavalcanti
219,107,63.71,2024-09-20,da Costa
220,199,80.36,2024-09-15,Novaes
221,106,84.92,2024-06-14,Mendonça de Goiás
222,117,8.29,2024-07-12,Moreira da Prata
223,198,57.84,2024-04-13,Borges de Melo
224,111,20.98,2024-02-21,Novaes
225,176,47.92,2024-06-22,Vieira das Pedras
226,175,20.64,2024-01-27,Vargas
227,131,24.46,2023-12-14,da Costa de Minas
228,193,39.07,2023-11-24,Gomes da Serra
229,198,93.76,2023-10-20,Gomes da Prata
230,199,90.04,2023-12-21,Cavalcante de Sá
231,128,19.69,2024-07-25,Gonçalves de Goiás
232,172,39.76,2024-06-14,Costa da Prata
233,125,5.4,2023-11-02,Dias Grande
234,118,6.28,2023-11-03,Borges
235,138,68.56,2023-11-20,Freitas
236,143,31.21,2023-12-28,Guerra
237,108,49.95,2024-08-30,Costa
238,138,17.55,2024-03-04,Duarte
239,137,39.52,2023-12-10,Siqueira de Casa Grande
240,109,11.53,2024-06-16,Pimenta
241,163,88.55,2024-08-27,Andrade do Oeste
242,164,34.75,2023-12-29,Pacheco Paulista
243,124,20.37,2024-01-08,das Neves da Prata
244,153,12.22,2024-06-11,Lopes
245,158,2.12,2023-10-30,Brito
246,153,22.71,2023-10-25,Nascimento de Minas
247,119,48.84,2024-03-23,Brito
248,153,8.97,2023-10-25,Sousa
249,188,89.03,2023-10-11,Andrade das Flores
250,181,61.01,2023-10-15,Camargo das Flores
251,165,78.28,2024-09-30,Rodrigues do Campo
252,195,42.87,2024-03-29,Lopes de Guerra
253,182,29.56,2024-08-04,Barbosa
254,117,28.74,2024-07-14,Cardoso
255,179,56.13,2023-10-27,Lima da Serra
256,181,6.32,2024-06-12,Mendes do Oeste
257,149,61.94,2024-03-08,Viana
258,167,91.61,2023-11-10,da Luz das Flores
259,148,70.69,2024-09-04,Siqueira de Minas
260,113,20.24,2024-09-12,da Paz de Moreira
261,123,86.35,2023-12-24,Pinto
262,161,64.56,2023-11-04,Araújo de Novaes
263,119,15.27,2023-12-15,Camargo de Leão
264,118,57.64,2024-01-16,da Mata Grande
265,182,45.18,2024-07-14,Silva
266,120,16.94,2024-09-08,Sampaio
267,199,70.98,2024-02-20,da Cunha do Amparo
268,119,5.9,2024-08-18,Moura
269,100,66.1,2023-11-02,da Costa
270,183,33.52,2023-11-01,Macedo de Minas
271,139,83.59,2024-08-15,Nunes de Vargas
272,108,43.67,2024-02-07,Mendonça
273,170,98.41,2024-07-23,Santos das Pedras
274,178,82.74,2023-11-08,Fernandes da Mata
275,144,55.52,2024-05-29,da Mota Verde
276,137,92.14,2024-02-25,da Cunha da Praia
277,128,28.09,2024-03-06,Andrade do Oeste
278,187,42.06,2024-05-11,Cunha Paulista
279,199,1.23,2024-03-31,Macedo
280,143,57.65,2024-07-30,Rios do Norte
281,185,0.72,2024-01-29,Cardoso da Praia
282,116,1.88,2024-07-29,Monteiro
283,126,2.91,2024-04-18,Nogueira da Praia
284,147,92.31,2024-06-13,da Rocha
285,133,33.64,2024-06-14,da Mota
286,144,31.02,2024-09-16,Vasconcelos do Amparo
287,157,59.88,2024-04-19,Rios
288,196,96.13,2023-11-04,Porto de Rios
289,145,4.21,2023-12-22,Aragão
290,193,25.1,2024-03-16,Dias das Flores
291,143,66.78,2024-06-08,Cardoso da Mata
292,166,83.7,2024-07-25,da Mota das Flores
293,121,80.06,2024-03-12,Cirino do Amparo
294,120,1.32,2024-04-14,Ramos do Amparo
295,118,7.62,2024-03-28,Vieira Verde
296,173,16.93,2023-10-15,Pacheco
297,136,66.27,2023-11-09,Rezende
298,144,29.88,2024-02-01,Teixeira
299,137,78.43,2023-10-23,Aragão dos Dourados
300,178,14.65,2024-06-28,Caldeira do Oeste
301,149,61.2,2024-08-31,Pacheco das Pedras
302,137,76.37,2024-02-12,Casa Grande
303,102,91.75,2024-02-04,Guerra
304,142,47.65,2024-08-17,da Rocha
305,168,60.46,2024-06-11,da Rosa das Pedras
306,145,59.02,2024-07-20,da Mota
307,164,12.4,2024-05-05,da Conceição
308,197,52.22,2024-05-09,Rezende
309,194,26.05,2023-11-17,Carvalho
310,180,4.59,2023-10-02,da Luz
311,146,72.24,2024-04-26,Siqueira Grande
312,196,95.61,2023-11-01,Santos
313,169,95.56,2023-11-07,Vargas de da Rosa
314,147,14.21,2024-08-14,Novaes das Flores
315,168,41.04,2023-12-06,Rodrigues
316,118,38.73,2024-02-10,Borges do Amparo
317,159,95.22,2024-04-01,Cassiano de Teixeira
318,155,61.16,2024-08-24,Gonçalves
319,150,55.54,2023-10-29,Araújo do Norte
320,143,82.05,2023-10-14,Almeida dos Dourados
321,148,16.74,2024-08-27,Melo do Amparo
322,103,20.41,2023-12-20,Nogueira de Pastor
323,147,88.84,2023-11-13,Nogueira Alegre
324,101,63.12,2024-05-12,da Costa
325,104,35.51,2024-03-10,Cassiano da Prata
326,193,50.14,2024-02-21,Guerra
327,136,47.39,2024-01-23,da Rocha de Borges
328,153,56.57,2024-05-10,Nunes da Praia
329,158,26.56,2023-10-24,Correia
330,184,31.98,2024-06-21,Pacheco de Minas
331,103,98.68,2023-12-17,da Cruz de Viana
332,171,30.96,2023-10-25,Machado da Praia
333,158,17.77,2024-07-21,Leão
334,141,42.35,2024-05-13,Fonseca
335,191,96.69,2024-02-14,Rocha
336,103,50.21,2024-03-17,Sousa
337,171,49.24,2023-11-07,Pinto
338,167,5.15,2024-09-17,Guerra do Norte
339,100,19.89,2024-05-31,Ferreira da Praia
340,140,33.2,2024-04-16,Moraes
341,182,25.07,2024-07-22,Garcia do Norte
342,126,49.23,2024-02-16,Ramos do Norte
343,156,0.05,2023-10-26,Pereira
344,186,9.84,2024-08-15,Nascimento
345,155,47.91,2024-07-22,Almeida
346,145,23.51,2024-09-28,Martins
347,196,43.74,2024-06-20,Novais das Pedras
348,132,76.22,2023-11-14,Moura do Sul
349,137,19.61,2024-08-20,Gomes
350,111,72.4,2024-01-04,Andrade Paulista
351,136,13.85,2024-02-20,Moura
352,120,97.52,2023-12-25,Câmara de Melo
353,123,42.05,2024-04-19,Caldeira
354,114,73.63,2024-09-09,Peixoto
355,142,42.93,2024-04-14,Barbosa
356,106,5.97,2024-06-17,da Mata do Amparo
357,107,23.96,2024-06-26,Lopes das Flores
358,162,40.33,2023-11-22,Santos do Sul
359,170,89.91,2024-03-09,Rodrigues do Norte
360,133,98.14,2024-07-21,da Paz
361,187,29.31,2023-12-28,Ferreira de Goiás
362,106,55.37,2023-10-28,Cavalcanti do Campo
363,127,98.69,2023-12-06,Sampaio Verde
364,165,35.38,2024-01-11,da Luz
365,149,15.7,2023-12-21,da Mota
366,162,29.67,2024-01-28,Ribeiro de Freitas
367,107,62.83,2024-07-23,Lopes de Nunes
368,198,56.58,2024-05-17,Pimenta
369,170,86.31,2024-07-30,Rezende Grande
370,173,40.42,2024-06-18,Alves
371,138,91.98,2023-12-10,da Conceição
372,200,40.68,2024-07-18,Dias
373,173,93.12,2024-03-08,Aparecida
374,191,4.32,2024-09-22,Viana de Jesus
375,125,49.85,2023-10-28,Gonçalves Verde
376,173,94.52,2024-07-12,Nunes
377,196,11.17,2024-02-21,Lima Paulista
378,153,42.42,2024-06-23,da Cunha do Sul
379,128,28.38,2023-11-16,Leão de Nogueira
380,108,91.26,2024-02-28,Cavalcante de Goiás
381,142,17.57,2024-03-21,Costela
382,130,25.18,2024-05-22,Lopes
383,130,65.79,2024-03-24,Duarte
384,195,8.52,2024-09-28,Barros
385,129,28.53,2024-04-13,Jesus
386,125,18.78,2024-02-24,Carvalho de da Mata
387,185,77.66,2024-04-24,Costa de Siqueira
388,200,62.37,2024-04-09,da Cruz
389,185,17.75,2024-04-23,Araújo de da Cruz
390,199,91.29,2024-05-10,Pacheco Verde
391,163,0.96,2024-01-18,Cavalcante de Vasconcelos
392,150,85.49,2023-12-10,Rocha dos Dourados
393,166,0.03,2024-06-07,Oliveira dos Dourados
394,100,45.47,2024-01-28,Martins Grande
395,100,33.45,2024-05-13,Fernandes
396,148,22.5,2024-09-02,da Paz
397,139,17.8,2024-09-22,Novaes
398,148,62.01,2024-05-30,da Rocha do Sul
399,159,22.0,2023-11-10,Vasconcelos de Ribeiro
400,144,82.22,2024-06-08,Montenegro
401,160,11.17,2024-08-19,Machado
402,122,28.63,2024-04-01,Rocha
403,143,51.91,2023-12-06,Siqueira da Mata
404,131,21.48,2023-10-06,Machado do Sul
405,123,58.98,2024-05-10,Carvalho Alegre
406,195,65.73,2023-10-24,Pimenta das Flores
407,119,36.4,2024-09-10,Cavalcante
408,157,95.78,2024-06-11,Araújo das Flores
409,197,10.03,2024-05-17,Fogaça de das Neves
410,147,38.85,2024-05-30,Fogaça Grande
411,109,43.27,2023-10-25,Rezende de Ramos
412,165,22.25,2023-12-18,Mendes
413,137,91.21,2024-08-16,Pereira de Minas
414,154,82.72,2024-08-25,Aparecida
415,191,12.56,2024-04-07,Cavalcante
416,114,78.23,2024-05-19,Borges do Campo
417,128,52.54,2024-06-29,Lopes Alegre
418,194,49.01,2023-11-01,Rios
419,164,53.5,2024-06-22,da Cunha
420,140,95.43,2023-10-11,Fonseca de Monteiro
421,187,25.6,2024-03-23,Freitas do Oeste
422,147,49.06,2024-01-10,Câmara da Mata
423,114,33.17,2024-09-16,Gomes da Praia
424,159,9.87,2024-07-11,Albuquerque da Serra
425,194,70.58,2023-10-23,Lopes
426,120,49.94,2024-01-09,Cassiano do Norte
427,153,37.62,2024-04-15,Cirino de Abreu
428,110,87.79,2024-06-29,Leão Verde
429,106,35.52,2024-03-05,Albuquerque do Campo
430,172,61.1,2023-10-17,Pereira
431,170,76.09,2024-06-07,Pinto
432,175,11.49,2024-02-07,Fernandes
433,100,72.33,2024-08-27,Ramos
434,170,30.38,2023-11-14,Cavalcanti
435,173,40.99,2024-07-14,Vasconcelos
436,193,98.12,2024-01-13,Marques
437,139,79.83,2024-09-17,Teixeira
438,134,56.24,2024-03-28,Vargas
439,199,52.68,2024-05-02,Gonçalves do Sul
440,119,45.83,2023-10-04,Campos Paulista
441,142,49.86,2024-03-02,Silva Paulista
442,175,77.41,2023-11-24,Monteiro do Norte
443,103,20.54,2024-05-05,Rios Paulista
444,100,46.51,2024-03-31,Pacheco
445,171,72.91,2023-10-26,Ramos da Prata
446,186,87.76,2024-07-03,Mendonça da Serra
447,164,24.66,2024-06-15,das Neves
448,165,56.06,2024-01-26,Duarte
449,150,79.41,2024-07-31,da Conceição
450,156,21.23,2024-02-12,Gomes dos Dourados
451,160,92.59,2024-03-17,Monteiro do Oeste
452,198,10.93,2023-11-10,Moura
453,152,98.55,2024-05-15,Ramos das Flores
454,132,39.04,2024-06-14,Gonçalves
455,164,37.01,2024-07-23,Carvalho
456,139,15.31,2023-12-26,Camargo
457,176,15.48,2024-03-18,Sampaio
458,176,59.68,2024-07-25,Marques
459,170,34.04,2024-08-21,Macedo de Minas
460,137,29.01,2024-08-17,da Mata da Praia
461,128,16.03,2023-11-09,Sampaio Grande
462,199,51.09,2024-04-09,Duarte de Goiás
463,182,79.07,2023-10-31,Sousa de Goiás
464,144,35.74,2024-06-24,Aparecida
465,121,22.97,2024-04-08,Pastor
466,147,72.98,2024-07-11,Mendonça de Silveira
467,198,52.97,2023-11-26,da Conceição da Prata
468,171,74.48,2024-01-30,Mendes do Norte
469,110,83.47,2024-05-24,Novaes
470,126,54.85,2024-07-08,Cavalcanti
471,156,67.56,2023-10-08,Cavalcante das Pedras
472,196,78.31,2024-01-09,Oliveira
473,190,79.76,2023-12-09,Ramos
474,196,57.72,2024-08-20,Barbosa
475,101,31.12,2024-07-22,Araújo
476,200,55.28,2023-11-18,Barros
477,162,9.04,2023-12-25,Martins de Abreu
478,156,53.67,2023-11-09,Machado de Moura
479,127,80.02,2024-04-13,Aparecida
480,157,54.87,2023-11-20,Moreira
481,181,25.45,2023-12-20,Brito do Sul
482,196,88.0,2023-12-26,Sá
483,191,72.39,2024-07-16,Novais de Goiás
484,161,56.34,2024-08-30,Moraes da Serra
485,159,32.81,2024-02-07,Borges de Pires
486,197,59.71,2024-08-17,Casa Grande
487,172,65.24,2024-04-04,Alves do Amparo
488,185,66.46,2024-02-29,Sales Alegre
489,195,26.36,2024-09-24,Mendonça dos Dourados
490,103,73.16,2024-08-05,Marques
491,110,51.61,2024-07-27,Cirino Verde
492,130,73.78,2024-06-09,Souza
493,159,31.98,2024-01-19,Casa Grande
494,173,55.71,2024-03-25,Pires
495,175,37.92,2023-12-04,Brito
496,140,38.33,2024-08-14,Garcia de das Neves
497,152,9.33,2024-02-05,Moreira
498,173,6.8,2024-07-29,Ferreira
499,128,76.93,2024-03-28,Barros
500,185,65.81,2023-12-19,Cirino do Amparo
501,119,13.62,2024-05-17,Barbosa
502,160,37.48,2024-01-27,Mendes
503,169,86.16,2023-12-12,Monteiro de Garcia
504,196,45.16,2024-07-12,Monteiro
505,192,78.26,2023-12-12,Barros
506,147,27.54,2023-10-13,Cunha
507,119,98.72,2024-01-22,Costa
508,148,10.01,2024-05-11,da Mota de Goiás
509,171,20.48,2024-02-25,Brito do Norte
510,121,30.61,2023-10-20,Camargo Alegre
511,165,16.26,2024-08-10,Cavalcanti das Flores
512,117,76.72,2023-11-11,Leão
513,115,55.46,2024-02-04,Caldeira de Pinto
514,145,35.81,2024-02-04,Garcia
515,115,64.63,2024-04-30,Barros
516,189,68.5,2024-04-25,Santos Paulista
517,115,30.61,2024-06-25,Cassiano de Goiás
518,142,72.39,2024-08-04,Rezende de Caldeira
519,149,92.16,2024-09-27,Casa Grande do Campo
520,123,3.07,2024-08-12,Borges
521,196,98.36,2023-10-10,Carvalho
522,106,0.24,2024-06-12,Vargas Paulista
523,112,96.63,2024-08-19,Gomes de Goiás
524,117,73.64,2023-10-03,Nogueira
525,177,18.37,2024-07-09,Borges de Marques
526,133,5.35,2023-12-24,Vargas
527,114,11.93,2024-05-04,Moura
528,103,99.42,2023-10-14,Pimenta da Prata
529,163,44.38,2024-06-29,Teixeira
530,114,11.77,2023-11-22,Ribeiro de das Neves
531,188,85.85,2024-09-09,Sousa
532,137,13.92,2024-03-19,Silva
533,199,89.06,2023-11-30,Guerra
534,107,98.24,2024-05-30,Macedo das Pedras
535,106,83.22,2024-03-26,Azevedo Verde
536,175,58.15,2023-12-25,Rezende
537,126,44.6,2023-12-03,Moura do Sul
538,164,99.45,2023-12-08,Pires
539,138,0.62,2023-12-28,Santos do Galho
540,196,74.16,2024-06-28,da Rocha
541,183,26.29,2024-01-22,Castro da Praia
542,169,42.82,2024-04-23,Correia
543,196,16.65,2024-04-24,Costa de Novais
544,192,78.75,2024-03-07,Almeida Verde
545,110,62.55,2024-07-05,Gonçalves
546,159,27.03,2024-06-30,Macedo de Araújo
547,174,39.49,2024-04-28,da Paz Paulista
548,153,31.56,2024-09-01,Duarte
549,174,45.55,2024-08-12,Pacheco dos Dourados
550,179,34.55,2023-11-30,Borges de Jesus
551,145,59.0,2024-03-03,da Paz da Mata
552,153,32.72,2024-05-02,Fonseca
553,195,72.65,2024-08-01,Lopes do Sul
554,181,16.96,2024-05-24,Melo
555,102,8.34,2024-04-06,Gonçalves
556,125,31.43,2024-02-05,Teixeira
557,171,68.15,2023-10-14,Pastor
558,146,1.17,2024-05-30,Cavalcante
559,146,23.28,2024-07-12,Pires
560,161,8.88,2023-11-08,Cirino
561,188,68.58,2024-03-10,Monteiro
562,109,47.68,2024-05-06,Machado
563,163,27.82,2024-08-08,da Mota
564,113,68.16,2024-03-19,Câmara
565,185,11.57,2023-12-25,Pereira do Galho
566,170,32.84,2023-11-20,Souza das Flores
567,124,96.6,2024-09-28,Lopes
568,144,67.98,2023-12-22,Porto
569,100,8.6,2024-03-03,Duarte da Mata
570,101,24.38,2024-04-27,Marques de Goiás
571,105,97.31,2024-08-23,Nunes
572,127,60.22,2023-10-05,Sampaio Grande
573,116,25.28,2023-11-29,Vargas
574,159,2.59,2024-07-11,Pimenta
575,123,26.78,2024-06-19,Dias
576,101,21.81,2023-10-07,Souza dos Dourados
577,137,35.14,2024-08-31,Viana de Goiás
578,132,36.71,2023-12-19,Correia do Oeste
579,166,50.2,2023-12-30,Albuquerque das Flores
580,150,69.91,2024-08-10,Nunes
581,189,42.57,2024-07-31,Gomes
582,182,61.4,2024-05-26,Vasconcelos
583,146,41.19,2024-01-11,Cavalcante de Machado
584,191,73.62,2024-06-08,da Mata de Correia
585,193,12.12,2024-08-04,Montenegro
586,169,49.67,2023-12-09,Silveira Verde
587,105,74.63,2023-12-22,Montenegro de Siqueira
588,166,95.52,2024-01-10,Almeida
589,142,29.75,2024-04-09,Leão
590,195,25.37,2024-02-12,das Neves
591,127,7.24,2024-02-11,Silveira das Pedras
592,155,78.99,2024-01-01,Costa
593,162,86.99,2024-03-05,Fernandes Verde
594,192,46.31,2024-06-05,Duarte
595,156,64.71,2024-04-05,Marques de Oliveira
596,185,49.98,2023-11-27,Martins da Serra
597,148,62.25,2023-12-07,Mendonça
598,100,58.19,2024-07-12,Sales da Prata
599,118,67.08,2024-08-16,Garcia de Casa Grande
600,102,44.56,2024-01-20,Moura Verde
601,184,98.31,2024-03-26,Oliveira
602,182,94.8,2024-06-06,Alves de Barros
603,134,76.11,2023-12-19,Martins
604,125,53.39,2024-01-28,Fernandes do Galho
605,117,16.75,2024-01-02,da Rosa
606,146,51.23,2024-05-20,Santos
607,115,71.92,2024-05-21,Cardoso
608,115,28.06,2023-10-28,Sousa
609,179,77.69,2023-10-04,da Conceição
610,101,84.49,2024-06-01,Castro da Prata
611,149,39.1,2023-10-05,Mendonça do Oeste
612,168,48.56,2024-06-10,Costa
613,119,22.25,2024-07-21,Rezende
614,135,42.17,2024-08-04,Costela da Prata
615,125,36.93,2023-10-06,Nogueira do Amparo
616,170,37.83,2024-08-04,Ramos da Serra
617,107,96.07,2023-12-07,Sá de Gonçalves
618,184,74.31,2023-11-05,Cassiano de Silveira
619,155,17.67,2024-06-14,da Conceição do Oeste
620,158,15.47,2024-05-06,Leão Grande
621,171,96.52,2023-11-05,Porto do Amparo
622,187,84.94,2023-10-14,Sampaio do Norte
623,150,87.4,2024-01-15,Teixeira da Prata
624,192,30.86,2024-08-14,Cassiano do Galho
625,174,34.63,2024-07-30,Melo
626,145,61.23,2024-02-08,Viana dos Dourados
627,170,21.0,2023-11-25,Rodrigues
628,184,23.89,2024-05-17,da Mota
629,120,29.2,2024-01-02,da Cunha
630,135,73.96,2024-05-05,Rocha Alegre
631,179,49.85,2024-04-28,Rezende
632,189,19.22,2023-10-26,das Neves de Ribeiro
633,168,10.56,2024-05-12,Nogueira
634,114,16.97,2024-07-10,Ferreira
635,107,6.89,2024-05-13,Mendes
636,185,19.22,2024-08-02,Lopes da Mata
637,186,16.22,2024-04-11,Souza
638,118,63.96,2024-07-22,Viana do Galho
639,124,6.16,2024-05-18,Melo da Serra
640,183,39.21,2024-02-15,Sampaio
641,109,21.88,2024-09-09,Fernandes
642,162,90.61,2024-03-29,da Rocha
643,196,44.68,2024-08-16,Lopes
644,108,61.6,2023-11-20,Moura
645,116,33.99,2024-06-05,Melo da Serra
646,185,66.34,2024-04-22,Pacheco Paulista
647,163,63.04,2023-12-10,Aparecida das Pedras
648,183,4.81,2024-08-29,Vasconcelos do Campo
649,179,89.8,2024-01-20,Castro do Amparo
650,182,41.5,2024-08-07,Teixeira
651,142,95.66,2023-12-31,Castro
652,182,15.31,2023-10-13,Guerra
653,120,48.22,2024-09-26,Alves
654,180,1.89,2024-07-27,da Cruz
655,141,92.67,2024-04-10,das Neves
656,112,75.97,2024-05-27,Novaes das Pedras
657,141,90.06,2023-12-15,da Rocha de Cavalcante
658,131,78.85,2024-09-01,Nascimento do Sul
659,186,59.83,2023-10-15,Marques do Campo
660,136,52.36,2024-04-07,Porto de Nascimento
661,178,15.86,2024-09-05,Aragão
662,148,82.38,2023-10-17,Lopes
663,140,56.53,2023-11-25,Fernandes de Minas
664,155,88.82,2024-02-05,Garcia de Pires
665,156,96.88,2024-09-18,Siqueira
666,142,53.3,2024-07-08,da Mata da Serra
667,166,49.08,2023-11-12,Jesus
668,143,8.34,2024-03-28,Costa
669,149,65.95,2024-09-14,Casa Grande
670,165,76.97,2024-04-19,Barros de Moreira
671,152,41.62,2024-06-23,Porto
672,190,21.01,2024-08-28,Araújo de Macedo
673,166,56.37,2024-08-18,Martins
674,186,19.07,2024-09-19,Cunha da Prata
675,188,35.98,2024-06-16,Silva
676,180,15.86,2024-08-04,Alves
677,197,90.05,2024-06-05,da Rosa do Norte
678,187,28.12,2024-07-17,da Mata de Goiás
679,173,31.86,2024-05-03,Nogueira Paulista
680,150,26.25,2024-02-25,Pacheco
681,170,53.75,2024-02-05,Novaes
682,195,59.67,2023-10-16,da Rosa
683,149,34.52,2023-12-16,Barbosa Grande
684,174,11.64,2024-04-18,Santos de Rocha
685,128,82.06,2024-03-13,Ribeiro das Flores
686,138,41.84,2024-06-07,Gonçalves de das Neves
687,195,31.74,2023-10-13,Fogaça do Norte
688,152,32.23,2024-05-31,Albuquerque
689,100,69.6,2024-07-07,Sousa do Oeste
690,171,85.94,2024-01-04,Lopes de Pires
691,116,76.75,2023-11-19,Macedo
692,124,29.61,2024-01-29,Sá
693,181,95.55,2024-03-15,Sales
694,136,80.03,2024-04-29,Cavalcante
695,137,68.78,2024-02-10,Barbosa
696,129,42.62,2023-11-07,Mendonça
697,189,17.48,2023-12-26,Melo
698,122,68.58,2024-04-27,Montenegro
699,153,24.43,2024-09-02,Moraes
700,102,7.63,2024-08-30,Moreira da Prata
701,127,41.8,2024-02-03,Almeida da Serra
702,178,86.1,2023-12-14,Montenegro
703,144,67.58,2024-01-28,Costa
704,144,6.79,2023-11-24,da Luz Alegre
705,129,57.77,2023-12-02,Almeida Paulista
706,140,46.01,2024-06-23,Fogaça de Borges
707,160,86.14,2024-06-27,Almeida da Serra
708,127,63.69,2024-01-10,Moura das Pedras
709,187,42.58,2024-06-26,Ribeiro
710,176,47.19,2024-08-04,Mendes
711,156,31.15,2024-05-22,da Costa
712,111,1.37,2023-10-16,Costela da Serra
713,101,91.28,2024-01-01,Costa
714,151,76.78,2024-09-15,Silveira de Montenegro
715,193,43.33,2024-09-29,Castro do Oeste
716,180,79.26,2024-01-16,Azevedo
717,103,6.89,2024-08-06,Lopes
718,106,42.41,2023-12-10,Souza
719,113,33.82,2024-01-22,da Rosa
720,168,42.41,2024-09-21,Sampaio do Sul
721,140,67.84,2024-07-09,Costela
722,165,1.59,2024-02-02,Pimenta
723,134,26.81,2024-01-23,Correia de Gonçalves
724,141,53.38,2024-05-27,Araújo de Camargo
725,140,46.06,2023-12-07,Farias
726,181,21.64,2024-06-15,Sales Paulista
727,128,89.71,2024-08-04,Jesus dos Dourados
728,137,91.65,2024-09-10,Nunes do Galho
729,105,56.62,2024-03-03,Cavalcanti Alegre
730,159,2.37,2023-11-26,Fonseca
731,135,29.65,2024-05-14,Macedo de Carvalho
732,136,95.05,2024-03-05,Mendonça
733,117,6.96,2024-03-29,Ferreira
734,139,58.75,2024-02-09,Câmara
735,129,95.02,2024-03-01,Cassiano de Ribeiro
736,103,47.82,2024-01-19,Costa
737,167,68.99,2024-07-01,Ferreira da Serra
738,196,28.6,2024-06-16,Correia do Campo
739,183,51.56,2024-03-10,Camargo do Oeste
740,117,81.39,2024-04-07,Rodrigues
741,122,19.71,2024-05-23,Leão de Goiás
742,126,70.55,2024-04-02,Pinto
743,192,7.81,2024-08-22,Souza Verde
744,182,95.71,2024-09-27,Mendonça de Ramos
745,159,94.63,2024-01-12,Cunha do Norte
746,125,30.41,2024-03-05,Azevedo
747,101,28.56,2023-12-22,Montenegro das Pedras
748,162,91.11,2024-02-23,Brito das Flores
749,181,57.7,2023-12-12,Araújo de Abreu
750,112,8.08,2023-12-25,Siqueira da Serra
751,125,19.39,2024-03-02,Albuquerque
752,105,8.6,2024-04-21,Moura
753,149,0.92,2024-01-28,Casa Grande
754,198,73.66,2024-09-04,Moreira
755,183,0.88,2024-07-07,Cavalcanti
756,170,88.03,2024-09-17,Melo
757,140,53.33,2023-11-08,Vasconcelos
758,124,52.51,2024-07-14,Moraes
759,166,75.71,2024-08-23,Rios Grande
760,173,69.42,2024-06-06,Nogueira da Mata
761,122,62.04,2024-05-09,Teixeira
762,140,28.75,2023-11-05,Lima do Sul
763,178,28.84,2023-10-27,Fonseca das Flores
764,150,35.74,2023-10-31,Almeida da Prata
765,164,4.63,2024-07-15,Sampaio do Norte
766,109,26.97,2024-03-15,Rios da Praia
767,154,49.84,2024-06-26,Costela de Pinto
768,150,45.09,2024-02-18,Moura do Galho
769,116,98.25,2024-07-26,Lima
770,196,55.38,2023-12-13,Dias
771,120,24.43,2023-10-05,Vargas da Mata
772,180,96.57,2023-10-02,Ribeiro da Serra
773,142,33.07,2024-03-28,Albuquerque
774,127,36.86,2024-06-02,Azevedo
775,167,96.88,2024-02-18,das Neves
776,127,72.63,2024-02-13,Dias
777,154,61.03,2023-12-24,Macedo
778,191,2.32,2024-04-10,Guerra da Mata
779,165,24.08,2024-04-02,Carvalho da Mata
780,182,39.31,2023-10-04,Silva
781,123,93.11,2024-01-06,Peixoto de Machado
782,143,21.73,2024-09-09,Teixeira de Machado
783,145,76.39,2024-06-27,Freitas das Pedras
784,197,46.36,2024-01-17,Machado da Serra
785,175,65.57,2024-08-07,Casa Grande dos Dourados
786,111,76.76,2024-04-14,Casa Grande
787,176,77.63,2024-09-07,Rodrigues
788,116,42.51,2023-10-31,Camargo dos Dourados
789,195,80.49,2024-08-16,Monteiro
790,106,51.75,2023-12-19,Ramos
791,176,21.42,2024-07-19,Barbosa de Fonseca
792,104,85.16,2023-10-26,Casa Grande do Norte
793,102,73.49,2024-02-13,Caldeira
794,124,42.06,2024-03-18,Novais
795,193,0.37,2023-12-13,Barbosa
796,199,15.08,2024-02-13,Pires
797,108,82.28,2023-11-15,Vasconcelos
798,103,99.33,2023-10-13,das Neves
799,122,15.42,2024-07-22,Pacheco
800,165,59.89,2024-02-14,Sales do Norte
801,107,65.42,2023-12-14,Jesus
802,182,61.38,2024-09-03,das Neves dos Dourados
803,198,60.82,2024-01-31,Carvalho de Jesus
804,131,6.66,2023-10-07,Sales
805,161,54.29,2024-08-18,da Cruz de Goiás
806,149,79.2,2024-05-12,Câmara dos Dourados
807,104,8.61,2024-04-24,Porto
808,197,64.6,2023-11-08,Guerra do Norte
809,185,10.41,2024-01-18,Cavalcanti da Praia
810,142,17.44,2024-08-18,Sousa de Pinto
811,138,14.0,2024-02-17,Pimenta
812,187,90.8,2023-12-05,Oliveira
813,193,99.56,2024-01-05,Fonseca de Oliveira
814,166,20.72,2024-04-28,Cavalcante
815,101,59.75,2024-01-28,Gomes
816,174,81.69,2024-07-27,Azevedo
817,193,45.66,2024-01-16,Alves de Vargas
818,134,4.94,2024-05-12,Vasconcelos
819,117,20.7,2024-05-13,Freitas
820,113,16.6,2024-07-20,da Mata
821,148,79.42,2024-01-10,Fogaça
822,155,59.65,2024-01-20,Rios
823,195,85.64,2024-03-23,Pastor Verde
824,136,72.39,2023-11-03,Sousa
825,150,16.88,2023-10-14,Moraes Paulista
826,131,20.54,2024-04-27,Aragão
827,196,73.67,2024-09-13,Pinto
828,182,33.83,2024-03-30,Marques
829,189,40.15,2024-03-22,Santos de Goiás
830,167,81.74,2024-08-19,Ferreira
831,175,68.94,2024-03-19,Martins
832,159,9.0,2024-03-25,Montenegro das Pedras
833,170,30.07,2023-10-25,Sales
834,168,2.36,2024-07-10,da Mata dos Dourados
835,190,9.25,2023-11-24,Vieira
836,185,99.98,2024-08-11,Azevedo das Flores
837,125,10.25,2024-05-25,Araújo
838,104,77.01,2024-05-11,Vasconcelos dos Dourados
839,119,59.87,2023-10-01,Nogueira
840,178,64.21,2024-05-18,Oliveira
841,166,80.82,2024-09-18,Sales
842,181,60.57,2023-10-21,Fogaça
843,133,60.96,2023-10-09,Montenegro Verde
844,117,28.18,2024-01-02,Carvalho
845,136,34.26,2024-01-13,Rodrigues do Sul
846,159,17.43,2023-11-29,da Mota Grande
847,158,21.34,2024-06-15,Fogaça do Sul
848,189,77.41,2024-09-18,Câmara
849,143,28.58,2024-05-05,Ferreira
850,170,1.54,2024-09-07,Sales
851,183,81.43,2024-07-23,Oliveira de da Mota
852,177,42.41,2024-04-23,da Costa
853,188,98.44,2023-12-16,Lima
854,162,52.34,2024-05-26,Peixoto da Mata
855,124,27.48,2024-05-12,Martins da Prata
856,117,40.08,2024-04-21,Cassiano
857,174,40.46,2024-02-20,Cassiano
858,172,10.51,2024-01-20,Pastor
859,164,18.58,2023-10-21,Novaes do Oeste
860,132,27.6,2024-09-27,Gomes
861,162,81.83,2024-06-23,Machado
862,111,24.01,2024-03-07,Rios
863,111,99.23,2023-11-27,Jesus
864,111,65.22,2024-01-10,Vieira
865,142,65.06,2024-01-23,da Cunha
866,143,19.89,2024-03-27,Cassiano Verde
867,109,98.82,2023-12-03,da Conceição
868,184,64.43,2024-08-13,Pereira do Galho
869,120,31.86,2023-10-16,Almeida da Mata
870,196,22.8,2024-02-03,Dias do Galho
871,116,13.06,2024-02-13,Pimenta de Goiás
872,180,70.55,2023-11-06,Oliveira das Flores
873,121,17.07,2024-09-19,Monteiro do Amparo
874,102,46.47,2024-08-05,Duarte
875,183,27.76,2023-12-13,Pires
876,177,13.59,2024-01-28,Sales
877,196,2.08,2024-05-03,Sampaio da Prata
878,185,12.46,2024-05-04,Almeida
879,186,89.34,2024-09-23,Campos
880,178,15.44,2024-08-14,da Rosa das Pedras
881,178,52.94,2024-03-18,Câmara
882,161,88.72,2024-05-07,Ribeiro
883,168,4.09,2024-08-06,Machado de Rios
884,120,76.09,2024-07-07,Novais
885,129,39.98,2024-06-06,da Mata do Amparo
886,169,71.01,2024-01-23,Carvalho
887,198,42.67,2024-02-24,Sousa dos Dourados
888,158,91.87,2023-12-12,Viana das Flores
889,142,37.45,2024-07-23,Cunha Alegre
890,107,32.76,2024-03-12,Novais
891,125,94.82,2023-10-13,Siqueira da Serra
892,117,98.04,2024-07-12,Santos
893,186,73.89,2024-07-14,Araújo do Galho
894,200,92.36,2024-03-08,Farias da Praia
895,129,90.54,2024-08-27,Pereira
896,196,35.72,2024-04-26,Freitas
897,185,28.02,2024-04-25,Porto do Amparo
898,139,38.26,2024-02-20,Ramos
899,122,33.3,2024-05-02,Gomes de Albuquerque
900,123,88.08,2024-02-18,Ribeiro
901,189,18.53,2023-10-11,Moreira
902,146,88.46,2023-10-09,da Rosa
903,173,24.23,2024-02-23,Caldeira
904,129,55.09,2023-11-28,Garcia de Monteiro
905,115,61.41,2024-09-29,Siqueira da Prata
906,194,11.06,2024-04-16,Marques das Pedras
907,175,44.81,2024-03-26,Cassiano Paulista
908,143,78.19,2024-08-13,Nascimento
909,170,97.92,2024-01-09,Leão Grande
910,157,71.79,2023-11-22,Freitas de Minas
911,154,92.24,2024-04-22,Ribeiro da Mata
912,200,37.04,2024-06-28,Camargo do Norte
913,200,75.42,2024-02-27,Ribeiro
914,109,95.66,2024-06-10,Nascimento de Rodrigues
915,112,89.0,2023-12-01,da Costa
916,188,72.47,2024-09-04,Ribeiro
917,126,18.36,2024-02-22,Gomes de Abreu
918,169,14.04,2024-01-17,Ferreira de Freitas
919,122,72.27,2024-03-10,Pires do Galho
920,134,56.75,2024-06-15,Garcia
921,186,91.79,2024-03-20,Ramos
922,168,32.95,2024-04-04,Fonseca de Fogaça
923,191,51.14,2024-05-27,Sales
924,191,11.68,2023-11-29,Mendonça
925,105,60.81,2024-03-21,Peixoto
926,166,43.68,2023-12-05,Pinto
927,100,42.12,2024-06-05,Teixeira
928,149,44.16,2024-01-02,Moura
929,171,87.2,2024-06-19,Viana de Silva
930,152,75.48,2024-08-01,Rodrigues Verde
931,188,67.42,2024-05-16,Barros
932,127,7.17,2024-01-29,Sampaio
933,200,62.72,2024-05-05,Ferreira da Serra
934,198,66.97,2024-01-22,Aragão
935,119,25.01,2024-02-05,Garcia
936,148,14.51,2023-11-09,Nascimento da Mata
937,162,56.6,2024-05-04,Castro Grande
938,140,30.56,2024-05-07,Jesus
939,180,5.92,2024-07-16,Melo
940,145,48.2,2024-01-30,Duarte dos Dourados
941,132,63.31,2024-04-15,Santos de Santos
942,166,84.55,2024-01-16,Macedo da Mata
943,188,20.69,2024-08-27,Pacheco do Galho
944,113,72.99,2024-08-03,Moura
945,176,80.66,2024-09-17,Nunes
946,101,39.53,2024-05-02,Aragão
947,116,49.6,2023-11-20,Martins de Moreira
948,108,83.4,2023-10-08,Marques da Praia
949,164,15.11,2023-11-28,da Costa Verde
950,179,99.64,2024-05-20,Almeida do Sul
951,149,93.34,2024-02-01,Alves
952,189,52.89,2024-01-02,Fogaça
953,189,81.88,2024-06-16,Dias
954,161,40.17,2023-12-25,Novaes
955,175,40.96,2024-02-28,Machado de Goiás
956,122,45.53,2024-07-09,Nogueira
957,107,33.2,2024-09-14,Andrade
958,156,36.05,2023-10-14,Montenegro da Mata
959,126,44.4,2024-09-11,Dias do Sul
960,187,57.14,2024-09-17,Brito de Gomes
961,153,21.34,2024-04-09,Mendes
962,129,27.03,2024-06-15,Pastor do Amparo
963,145,75.46,2024-07-03,Pimenta Alegre
964,186,81.68,2024-02-22,Fernandes das Flores
965,142,87.59,2024-07-12,Porto
966,139,25.31,2024-01-27,Costa do Galho
967,159,22.4,2024-03-27,Machado
968,144,92.67,2024-06-28,Camargo Alegre
969,100,38.04,2024-05-07,Machado de Oliveira
970,179,41.77,2024-08-09,Alves de Correia
971,171,14.53,2024-05-05,Gonçalves das Pedras
972,166,89.49,2024-04-15,Aparecida das Flores
973,124,2.14,2024-06-03,da Mata
974,108,35.46,2024-06-08,Borges do Sul
975,133,66.47,2024-03-14,Borges de Minas
976,167,95.11,2024-08-08,Sousa da Praia
977,166,75.88,2023-10-05,Pastor de Sá
978,184,87.96,2024-07-10,Peixoto
979,184,75.36,2024-06-05,Farias da Serra
980,168,88.8,2023-12-26,Viana
981,155,15.15,2024-04-12,Guerra da Prata
982,191,91.84,2024-03-24,Cavalcanti
983,172,31.61,2023-10-01,Rezende
984,157,94.24,2023-11-01,da Costa
985,112,71.34,2024-04-19,Cardoso
986,105,38.68,2024-08-09,Guerra Alegre
987,119,13.54,2023-10-16,Sales de Costa
988,116,99.14,2024-05-15,Novais de Rios
989,107,87.46,2024-01-14,Lopes de Sampaio
990,195,15.51,2024-07-19,Porto da Serra
991,115,34.45,2024-08-10,Fonseca
992,162,47.92,2023-12-07,Azevedo
993,103,49.83,2024-07-29,Pinto dos Dourados
994,181,9.85,2024-09-21,Moreira da Serra
995,103,4.93,2023-11-25,Porto
996,164,32.1,2024-04-20,Albuquerque Alegre
997,165,45.72,2024-01-22,Peixoto dos Dourados
998,139,74.68,2023-12-23,Câmara
999,198,20.86,2024-01-26,Correia
1000,153,74.01,2024-01-18,Leão
